gender,pearson_r,pearson_p,spearman_r,spearman_p
Male,-0.012153676762738612,0.14709036413933915,-0.00226150612358955,0.7873301539873823
Female,-0.025298890932310237,0.0025659084030982622,0.003925028581706989,0.6399532900015628
