t_statistic,p_value,male_mean,female_mean
-3.8296657913373267,0.00012859432405082808,203.8880687065271,223.8070659908483
