gender,intercept,imd_coef,p_value,r_squared
Male,210.93846029479832,-0.0647737612732328,0.1470903641393391,0.0001477118588533166
Female,239.6378181779502,-0.14551896111837487,0.0025659084030981057,0.0006400338824051888
